,days,location,price,title,url
0,1,"Visiting Split, Hvar, Korčula, Dubrovnik, Trstenik, Makarska, Split",€881,Croatia Island Sail Plus,https://www.contiki.com/eu/en/destinations/europe/tours/croatia-island-sail-plus2020-premium-boat-3916
1,1,"Visiting Athens, Mykonos, Santorini, Athens","€1,169",Greek Island Escape,https://www.contiki.com/eu/en/destinations/europe/tours/greek-island-escape-4079
2,1,Visiting Croyde Bay,€387,Devon Surf Weekend,https://www.contiki.com/eu/en/destinations/europe/tours/devon-surf-weekend-4074
3,1,"Visiting Reykjavik, Midgard, Skaftafell, Vik, Reykjavik","€1,016",Fire and Ice,https://www.contiki.com/eu/en/destinations/europe/tours/fire-and-ice-3977
4,3,"Visiting Copenhagen, Oslo, Hardangervidda Region, Voss, Sognefjord, Geiranger Fjord, Lom, Lillehammer, Gjovik, Stockholm","€1,619",Scandinavia,https://www.contiki.com/eu/en/destinations/europe/tours/scandinavia-end-stockholm-3942
5,4,"Visiting Spain, Morocco, Portugal, Gibraltar","€1,594","Spain, Morocco & Portugal",https://www.contiki.com/eu/en/destinations/europe/tours/spain-moroccoportugal-1886
6,2,"Visiting Rome, Vatican City, Sorrento, Capri, Sorrento, Pompeii, Florence, Verona, Venice, Lake Como, Milan, Cinque Terre... Show all","€2,205",Simply Italy,https://www.contiki.com/eu/en/destinations/europe/tours/simply-italy-until-3978
7,1,"Visiting Koh Samui, Koh Tao, Koh Pha-Ngan, Koh Samui",€838,Thai Island Hopper East,https://www.contiki.com/eu/en/destinations/asia/tours/thai-island-hopper-east-275
8,1,"Visiting Phuket, Koh Phi Phi, Krabi, Phuket",€604,Thai Island Hopper West,https://www.contiki.com/eu/en/destinations/asia/tours/thai-island-hopper-west-3426
9,1,"Visiting Split, Hvar, Korčula, Dubrovnik, Trstenik, Makarska, Split",€820,Croatia Island Sail,https://www.contiki.com/eu/en/destinations/europe/tours/croatia-island-sail-3915
10,1,"Visiting Athens, Mykonos, Santorini, Ios, Athens","€1,660",Greek Island Hopping,https://www.contiki.com/eu/en/destinations/europe/tours/greek-island-hopping-131
11,1,"Visiting Bodrum, Orak Island, Cokertme, Seven Islands, English Harbour, Cleopatra Island, Ballisu, Longoz, Ballisu, Mazi... Show all",€483,Turkish Sailing,https://www.contiki.com/eu/en/destinations/europe/tours/turkish-sailing-822
12,1,"Visiting Athens, Aegina, Hydra, Plaka, Spetses, St Aemilianus Bay, Ermioni, Poros, Athens","€1,369",Greek Sailing,https://www.contiki.com/eu/en/destinations/europe/tours/greek-sailing-3844
13,3,"Visiting Cape Town, Kruger National Park, Emalahleni, Victoria Falls, Chobe, Victoria Falls","€2,035","Cape, Safari & Falls",https://www.contiki.com/eu/en/destinations/africa-the-middle-east/tours/cape-safari-falls-3814
14,3,"Visiting Bangkok, Kanchanaburi, Ayutthaya, Overnight Train to Chiang Mai, Chiang Mai, Pakbeng, Luang Prabang, Vang Vieng... Show all","€1,922",Asian Adventure,https://www.contiki.com/eu/en/destinations/asia/tours/asian-adventure-221
15,1,"Visiting San Jose, Sarapiqui, Arenal (La Fortuna), Sarapiqui, Arenal (La Fortuna), Playa Tamarindo, Monteverde, Jaco... Show all","€1,275",Viva Costa Rica,https://www.contiki.com/eu/en/destinations/latin-america/tours/viva-costa-rica-3873
16,1,"Visiting Lima, Arequipa, Colca Canyon, Puno, Raqchi, Cusco, Sacred Valley, Aguas Calientes, Cusco, Puerto Maldonado, Jungle Lodge... Show all","€2,480",Peru Uncovered,https://www.contiki.com/eu/en/destinations/latin-america/tours/peru-uncovered-2746
17,2,"Visiting Buenos Aires, San Antonio De Areco, Buenos Aires, Iguassu Falls, Rio de Janeiro","€1,537",Argentina & Brazil Highlights,https://www.contiki.com/eu/en/destinations/latin-america/tours/argentina-brazil-highlights-until-feb2021-3874
18,1,"Visiting Los Angeles, San Diego, Phoenix, Sedona, Grand Canyon, Route 66, Las Vegas, Barstow, San Joaquin Valley, Bass Lake... Show all","€1,929",LA to the Bay,https://www.contiki.com/eu/en/destinations/usa-canada/tours/la-to-the-bay-until-nov2020-2926
19,1,"Visiting Vancouver, Whistler, Kamloops, Mt. Robson, Jasper, Banff, Vernon, Vancouver","€2,435",Canada & the Rockies,https://www.contiki.com/eu/en/destinations/usa-canada/tours/canada-the-rockies-until-sept2020-259
20,1,"Visiting Los Angeles, San Diego, Phoenix, Sedona, Grand Canyon, Route 66, Las Vegas, Barstow, Mojave Desert, Bass Lake... Show all","€2,395",Wild Western,https://www.contiki.com/eu/en/destinations/usa-canada/tours/wild-western-2976
21,1,"Visiting Auckland, Parry Kauri Park, Paihia, Parry Kauri Park, Paihia, Auckland, Rotorua, Huka Falls, Lake Taupo, Mount Ruapehu... Show all","€1,900",The Big Tiki,https://www.contiki.com/eu/en/destinations/new-zealand/tours/the-big-tiki-auckland-to-queenstown-winter-3500
22,9,"Visiting England, Netherlands, Germany, Austria, Italy, Switzerland, France, Belgium, The Vatican","€1,767",European Discovery,https://www.contiki.com/eu/en/destinations/europe/tours/european-discovery-3922
23,8,"Visiting England, Netherlands, Germany, Italy, Switzerland, France, Belgium, Austria","€1,016",European Magic,https://www.contiki.com/eu/en/destinations/europe/tours/european-magic
24,1,"Visiting Athens, Mykonos, Santorini, Athens","€1,197",Mykonos & Santorini Island Escape,https://www.contiki.com/eu/en/destinations/europe/tours/mykonos-santorini-island-escape-3276
25,4,"Visiting England, Scotland, Ireland, Northern Ireland","€1,900",Great Britain & Ireland,https://www.contiki.com/eu/en/destinations/europe/tours/great-britain-ireland-3934
26,4,"Visiting Netherlands, Germany, Switzerland, France",€832,Europe in One Week:,https://www.contiki.com/eu/en/destinations/europe/tours/europe-in-one-week-3953
27,2,"Visiting Dublin, Kilkenny, Cork, Blarney, Cliffs of Moher, Galway, Londonderry, Giant's Causeway, Belfast, Dublin","€1,144",Ireland,https://www.contiki.com/eu/en/destinations/europe/tours/ireland-239
28,10,"Visiting England, Netherlands, Germany, Czech Republic, Italy, Switzerland, France, Belgium, Austria, The Vatican","€1,934",European Inspiration,https://www.contiki.com/eu/en/destinations/europe/tours/european-inspiration-3929
29,2,"Visiting Barcelona, Zaragoza, Pamplona, San Sebastian, Bilbao, Salamanca, Aveiro, Porto, Lisbon, Madrid","€1,345",Fiestas & Siestas,https://www.contiki.com/eu/en/destinations/europe/tours/fiestas-and-siestas-3832
30,5,"Visiting Spain, France, Italy, Monaco, The Vatican",€990,Mediterranean Quest,https://www.contiki.com/eu/en/destinations/europe/tours/mediterranean-quest-3935
31,4,"Visiting Italy, Switzerland, France, England",€882,Western Rocker,https://www.contiki.com/eu/en/destinations/europe/tours/western-rocker-3980
32,8,"Visiting Italy, Austria, Czech Republic, Germany, Netherlands, England, Belgium, France","€1,061",Eastern Quest,https://www.contiki.com/eu/en/destinations/europe/tours/eastern-quest-3917
33,6,"Visiting Germany, Czech Republic, Austria, Hungary, Poland, Slovakia","€1,728",Eastern Road,https://www.contiki.com/eu/en/destinations/europe/tours/eastern-road-101
34,3,"Visiting London, Dover, Calais, Paris, Dover, Calais, Paris, Bordeaux, Saint-Jean-de-Luz, San Sebastian, Zaragoza, Barcelona",€904,Western Quest,https://www.contiki.com/eu/en/destinations/europe/tours/western-quest-3947
35,10,"Visiting England, Netherlands, Germany, Czech Republic, Austria, Italy, Switzerland, France, Belgium, The Vatican","€1,722",European Encounter,https://www.contiki.com/eu/en/destinations/europe/tours/european-encounter-3924
36,1,"Visiting Cairo, Giza, Aswan, Edfu, Luxor, Hurghada, Cairo","€1,139",Egypt & The Nile,https://www.contiki.com/eu/en/destinations/africa-the-middle-east/tours/egypt-the-nile-102
37,13,"Visiting England, Netherlands, Germany, Czech Republic, Austria, Poland, Hungary, Slovenia, Italy, Switzerland, France, Belgium... Show all","€2,303",European Trail,https://www.contiki.com/eu/en/destinations/europe/tours/european-trail-3932
38,3,"Visiting Edinburgh, St. Andrews, Scottish Highlands, Isle of Skye, West Highlands, Stirling, Glasgow, Larne, Dublin, Kilkenny... Show all","€1,581",Scotland & Ireland,https://www.contiki.com/eu/en/destinations/europe/tours/scotland-ireland-240
39,2,"Visiting London, Liverpool, York, Lake District, Gretna Green, Hadrian's Wall, Edinburgh, St. Andrews, Scottish Highlands... Show all","€1,050",England & Scotland,https://www.contiki.com/eu/en/destinations/europe/tours/england-scotland-3919
40,2,"Visiting Madrid, Segovia, Bilbao, San Sebastian, Pamplona, Zaragoza, Barcelona, Valencia, Granada, Gibraltar, Seville, Cordoba... Show all","€1,625",Spanish Spree,https://www.contiki.com/eu/en/destinations/europe/tours/spanish-spree-winter-156
41,1,"Visiting Tokyo, Hakone, Takayama, Hiroshima, Kyoto, Mount Koya, Osaka","€4,577",Japan Unrivalled,https://www.contiki.com/eu/en/destinations/asia/tours/japan-unrivalled-2056
42,18,"Visiting England, France, Spain, Italy, Greece, Egypt, Turkey, Bulgaria, Serbia, Hungary, Austria, Germany, Switzerland, Netherlands... Show all","€4,935",Ultimate European plus Egypt,https://www.contiki.com/eu/en/destinations/europe/tours/ultimate-european-plus-egypt-160
43,11,"Visiting England, France, Spain, Italy, Austria, Czech Republic, Germany, Netherlands, Monaco, The Vatican, Belgium","€2,621",European Quest,https://www.contiki.com/eu/en/destinations/europe/tours/european-quest-3931
44,7,"Visiting Austria, Poland, Hungary, Slovenia, Italy, Czech Republic, Slovakia",€932,Eastern Trail,https://www.contiki.com/eu/en/destinations/europe/tours/eastern-trail-752
45,6,"Visiting England, France, Spain, Italy, Monaco, The Vatican","€1,730",Quest to Rome,https://www.contiki.com/eu/en/destinations/europe/tours/quest-rome-3938
46,4,"Visiting Germany, Czech Republic, Austria, Hungary","€1,189",Berlin to Budapest by Train,https://www.contiki.com/eu/en/destinations/europe/tours/berlin-to-budapest-by-train-3965
47,4,"Visiting Spain, Morocco, Portugal, Gibraltar","€3,193",Iberian Peninsula and Morocco,https://www.contiki.com/eu/en/destinations/europe/tours/iberianpeninsula-morocco-1876
48,7,"Visiting England, France, Spain, Italy, Greece, Monaco, The Vatican","€2,172",London to Athens,https://www.contiki.com/eu/en/destinations/europe/tours/london-to-athens-137
49,1,"Visiting Athens, Corinth, Mycenae, Olympia, Delphi, Athens",€710,Spotlight on Greece,https://www.contiki.com/eu/en/destinations/europe/tours/spotlight-on-greece-157
50,1,"Visiting Christchurch, Lake Tekapo, Lake Ohau, Lake Tekapo, Lake Ohau, Arrowtown, Te Anau, Milford Sound, Queenstown, Wanaka... Show all","€1,054",'Sweet as' South,https://www.contiki.com/eu/en/destinations/new-zealand/tours/sweet-as-south-3656
51,18,"Visiting England, France, Spain, Italy, Greece, Albania, Croatia, Slovenia, Austria, Germany, Switzerland, Netherlands, Monaco... Show all","€4,612",European Adventurer,https://www.contiki.com/eu/en/destinations/europe/tours/european-adventurer-107
52,1,"Visiting Delhi, Agra, Ranthambore, Jaipur, Udaipur, Mumbai, Goa","€1,892",Eternal India,https://www.contiki.com/eu/en/destinations/asia/tours/eternal-india-from-3026
53,3,"Visiting Rome, Vatican City, Rome, Sorrento, Amalfi, Capri, Positano, Amalfi, Pompeii, Bari, Overnight Adriatic Ferry, Patras... Show all","€1,889",Mediterranean Escape,https://www.contiki.com/eu/en/destinations/europe/tours/mediterranean-escape-2496
54,1,"Visiting Cusco, Inca Trail, Cusco","€1,047",Ultimate Inca Trail,https://www.contiki.com/eu/en/destinations/latin-america/tours/ultimate-inca-trail-2146
55,12,"Visiting England, Netherlands, Germany, Czech Republic, Austria, Poland, Hungary, Slovenia, Italy, France, Belgium, Slovakia","€1,684",Trail to Rome,https://www.contiki.com/eu/en/destinations/europe/tours/trail-to-rome
56,17,"Visiting England, France, Spain, Italy, Greece, Turkey, Bulgaria, Serbia, Hungary, Austria, Germany, Switzerland, Netherlands, Monaco... Show all","€5,317",Ultimate European plus Greek Islands,https://www.contiki.com/eu/en/destinations/europe/tours/ultimate-european-plus-greek-islands-161
57,11,"Visiting Spain, France, Italy, Austria, Czech Republic, Germany, Netherlands, England, Monaco, The Vatican, Belgium","€1,959",Quest to London,https://www.contiki.com/eu/en/destinations/europe/tours/quest-to-london-3937
58,1,"Visiting New York City, Philadelphia, Washington DC, Philadelphia, Washington DC, Richmond, Asheville, Savannah, St Augustine... Show all","€4,499",Grand Southern,https://www.contiki.com/eu/en/destinations/usa-canada/tours/grand-southern-start-new-york-city-apr2020-feb2021-3903
59,7,"Visiting England, Netherlands, Germany, Czech Republic, Austria, France, Belgium",€789,Eastern Rocker,https://www.contiki.com/eu/en/destinations/europe/tours/eastern-rocker-3918
60,1,"Visiting Auckland, Parry Kauri Park, Paihia, Parry Kauri Park, Paihia, Auckland, Rotorua, Auckland",€945,Sun & Steam,https://www.contiki.com/eu/en/destinations/new-zealand/tours/sun-steam-3521
61,1,"Visiting Edinburgh, St. Andrews, Scottish Highlands, Isle of Skye, West Highlands, Stirling, Glasgow",€747,Scotland,https://www.contiki.com/eu/en/destinations/europe/tours/scotland-151
62,1,"Visiting Ho Chi Minh City, Nha Trang, Hoi An, Hue, Hanoi, Halong Bay, Hanoi","€1,214",Vietnam Highlights,https://www.contiki.com/eu/en/destinations/asia/tours/vietnam-highlights-217
63,1,"Visiting Barcelona, Denia, Ibiza, Denia, Valencia, Toledo, Madrid","€1,501",Ibiza & Beyond,https://www.contiki.com/eu/en/destinations/europe/tours/ibiza-and-beyond-3627
64,1,"Visiting Auckland, Rotorua, Huka Falls, Lake Taupo, Mount Ruapehu, Wellington, Picton, Kaikoura, Christchurch, Arthurs Pass... Show all","€1,606",Kiwiana Panorama,https://www.contiki.com/eu/en/destinations/new-zealand/tours/kiwiana-panorama-auckland-to-queenstown-summer-3509
65,4,"Visiting Spain, Morocco, Portugal, Gibraltar","€2,189",Iberian Peninsula and Morocco,https://www.contiki.com/eu/en/destinations/europe/tours/iberian-peninsula-and-morocco-winter-1916
66,4,"Visiting Thailand, Laos, Cambodia, Vietnam","€3,820",Big Indochina Adventure,https://www.contiki.com/eu/en/destinations/asia/tours/big-indochina-adventure-222
67,1,"Visiting Bangkok, Kanchanaburi, Ayutthaya, Overnight Train to Chiang Mai, Chiang Mai, Pai, Chiang Mai",€948,Northern Thai Highlights,https://www.contiki.com/eu/en/destinations/asia/tours/northern-thai-highlights-3960
68,6,"Visiting England, France, Spain, Italy, Monaco, The Vatican","€1,789",London to Rome,https://www.contiki.com/eu/en/destinations/europe/tours/london-to-rome-139
69,1,"Visiting Auckland, Rotorua, Huka Falls, Lake Taupo, Mount Ruapehu, Wellington, Picton, Kaikoura, Christchurch, Arthurs Pass... Show all","€1,904",Kiwiana Panorama,https://www.contiki.com/eu/en/destinations/new-zealand/tours/kiwiana-panorama-auckland-to-christchurch-winter-3659
70,1,"Visiting Auckland, Parry Kauri Park, Paihia, Parry Kauri Park, Paihia, Auckland, Rotorua, Huka Falls, Lake Taupo, Mount Ruapehu... Show all","€1,212",Northern Choice,https://www.contiki.com/eu/en/destinations/new-zealand/tours/northern-choice-auckland-to-christchurch-summer-3513
71,1,"Visiting Beijing, Xi'an, Chengdu, Yangshuo, Shanghai","€2,518",China Adventure,https://www.contiki.com/eu/en/destinations/asia/tours/china-adventure-3650
72,1,"Visiting Christchurch, Arthurs Pass, Hokitika, Franz Josef Glacier, Arthurs Pass, Hokitika, Franz Josef Glacier, Haast Pass... Show all","€1,054",'Sweet as' South,https://www.contiki.com/eu/en/destinations/new-zealand/tours/sweet-as-south-reverse-3657
73,1,"Visiting Queenstown, Wanaka, Haast Pass, Franz Josef Glacier, Hokitika, Arthurs Pass, Christchurch, Kaikoura, Picton... Show all","€1,572",Kiwiana Panorama,https://www.contiki.com/eu/en/destinations/new-zealand/tours/kiwiana-panorama-queenstown-to-auckland-summer-3511
74,2,"Visiting Luang Prabang, Vang Vieng, Vientiane, Phnom Penh, Siem Reap",€986,Cambodia & Laos Uncovered,https://www.contiki.com/eu/en/destinations/asia/tours/cambodia-and-laos-uncovered-3446
75,1,Visiting New York City,€724,New York Uncovered,https://www.contiki.com/eu/en/destinations/usa-canada/tours/new-york-uncovered-2
76,1,"Visiting Wellington, Mount Ruapehu, Lake Taupo, Huka Falls, Rotorua, Auckland, Parry Kauri Park, Paihia, Auckland","€1,118",Northern Choice,https://www.contiki.com/eu/en/destinations/new-zealand/tours/northern-choice-wellington-to-auckland-summer-3519
77,1,"Visiting St. Petersburg, Novgorod, Klin, Moscow","€1,505",Best of Russia,https://www.contiki.com/eu/en/destinations/europe/tours/best-of-russia-622
78,1,"Visiting Christchurch, Kaikoura, Picton, Wellington, Kaikoura, Picton, Wellington, Mount Ruapehu, Lake Taupo, Huka Falls, Rotorua... Show all","€1,195",Northern Choice,https://www.contiki.com/eu/en/destinations/new-zealand/tours/northern-choice-christchurch-to-auckland-summer-3515
79,1,"Visiting Mexico City, Merida, Chichen Itza, Cancun",€984,Yucatan Highlights,https://www.contiki.com/eu/en/destinations/latin-america/tours/yucatan-highlights-until-feb2021-2776
80,1,"Visiting Queenstown, Wanaka, Haast Pass, Franz Josef Glacier, Hokitika, Arthurs Pass, Christchurch, Kaikoura, Picton... Show all","€1,572",Kiwiana Panorama,https://www.contiki.com/eu/en/destinations/new-zealand/tours/kiwiana-panorama-queenstown-to-auckland-winter-3510
81,5,"Visiting Croatia, Montenegro, Bosnia and Herzegovina, Serbia, Hungary","€1,620",Balkans Discovery,https://www.contiki.com/eu/en/destinations/europe/tours/balkans-discovery-2486
82,1,"Visiting Puerto Vallarta, Tequila, Guadalajara, Guanajuato, San Miguel de Allende, Mexico City, Merida, Chichen Itza, Cancun","€2,048",Mexico Grande,https://www.contiki.com/eu/en/destinations/latin-america/tours/mexico-grande-until-feb2021-2706
83,1,"Visiting Athens, Corinth, Mycenae, Olympia, Delphi, Athens, Mykonos, Santorini, Ios, Athens","€2,974",Spotlight on Greece,https://www.contiki.com/eu/en/destinations/europe/tours/spotlight-on-greece-plus11-day-greek-island-hopping-682
84,10,"Visiting Austria, Poland, Hungary, Slovenia, Italy, Switzerland, France, England, Czech Republic, Slovakia","€1,755",Trail to London,https://www.contiki.com/eu/en/destinations/europe/tours/trail-to-london-3979
85,1,"Visiting Guayaquil, Santa Cruz Island, Isabela Island, Santa Cruz Island, Isabela Island, Santa Cruz Island... Show all","€2,195",Galapagos Island Hopper,https://www.contiki.com/eu/en/destinations/latin-america/tours/galapagos-island-hopper-until-jan2021-1766
86,2,"Visiting Rome, Vatican City, Florence, Chianti Region, San Gimignano, Florence, Pisa, Verona, Venice, Rome","€1,050",Italian Espresso,https://www.contiki.com/eu/en/destinations/europe/tours/italian-espresso-132
87,12,"Visiting England, France, Switzerland, Spain, Italy, Austria, Germany, Czech Republic, Netherlands, Monaco, The Vatican, Belgium","€2,453",Winter Wanderer,https://www.contiki.com/eu/en/destinations/europe/tours/winter-wanderer-163
88,2,"Visiting London, Dover, Calais, Paris, Dover, Calais, Paris, Calais, Dover, London",€445,Paris For Christmas,https://www.contiki.com/eu/en/destinations/europe/tours/paris-for-christmas-302
89,1,"Visiting New York City, Philadelphia, Washington DC, Philadelphia, Washington DC, Richmond, Asheville, Savannah, St Augustine... Show all","€2,565",Eastern Discovery,https://www.contiki.com/eu/en/destinations/usa-canada/tours/eastern-discovery-start-new-york-city-apr2020-feb2021-3905
90,1,"Visiting New Orleans, Jackson, Memphis, Little Rock, Texarkana, Dallas/Fort Worth, Amarillo, Santa Fe, Albuquerque, Durango... Show all","€2,305",Southern Adventure,https://www.contiki.com/eu/en/destinations/usa-canada/tours/southern-adventure-start-new-orleans-24
91,1,"Visiting Quito, Tena, Banos, Guayaquil, Santa Cruz Island, Isabela Island, Santa Cruz Island, San Cristobal Island, Guayaquil","€2,630",Ecuador & Galapagos Island Hopper,https://www.contiki.com/eu/en/destinations/latin-america/tours/ecuador-galapagos-hopper-until-jan2021-2766
92,3,"Visiting Rome, Vatican City, Rome, Sorrento, Amalfi, Capri, Amalfi, Pompeii, Bari, Overnight Adriatic Ferry, Patras, Corinth Canal... Show all","€4,190",Mediterranean Escape,https://www.contiki.com/eu/en/destinations/europe/tours/mediterranean-escape-plus12-day-greek-island-hopping-2506
93,1,"Visiting Santa Marta, Mamey, 1st Camp, Mamey, 1st Camp, 2nd Camp, 3rd Camp, Lost City, 2nd Camp, Mamey, Santa Marta",€565,Lost City Trek,https://www.contiki.com/eu/en/destinations/latin-america/tours/lost-city-trek-3864
94,1,"Visiting Hanoi, Ninh Binh, Overnight Train to Lao Cai, Lao Cai, Sapa, Overnight Train to Hanoi, Hanoi",€668,Northern Vietnam Escape,https://www.contiki.com/eu/en/destinations/asia/tours/northern-vietnam-escape-sapa-and-surrounds-3950
95,1,"Visiting Kathmandu, Sundarijal, Chisapani, Sundarijal, Chisapani, Nagarkot, Dhulikhel, NamoBuddha, Kathmandu",€572,Nepal Trek and Temples,https://www.contiki.com/eu/en/destinations/asia/tours/nepal-trek-and-temples-3963
96,1,"Visiting Las Vegas, Zion National Park, Bryce Canyon National Park, Monument Valley, Antelope Canyon, Lake Powell... Show all",€759,Southwest National Parks,https://www.contiki.com/eu/en/destinations/usa-canada/tours/southwest-national-parks-3896
97,2,"Visiting Madrid, Segovia, Bilbao, San Sebastian, Pamplona, Zaragoza, Barcelona, Ibiza, Denia, Granada, Gibraltar, Seville, Cordoba... Show all","€2,397",Spanish Spree,https://www.contiki.com/eu/en/destinations/europe/tours/spanish-spree-155
98,1,"Visiting Dallas/Fort Worth, Austin, San Antonio, Houston, New Orleans","€1,149",Southern Soul,https://www.contiki.com/eu/en/destinations/usa-canada/tours/southern-soul-dallas-to-new-orleans-3901
99,6,"Visiting Croatia, Slovenia, Italy, Switzerland, France, England","€1,050",Road to Paris,https://www.contiki.com/eu/en/destinations/europe/tours/road-to-paris-3940
100,1,"Visiting Kathmandu, Pokhara, Phedi, Dhampus, Australian Camp, Sarangkot, Pokhara, Kathmandu",€931,Nepal Trek Challenge,https://www.contiki.com/eu/en/destinations/asia/tours/nepal-trek-challenge-3962
101,1,"Visiting Auckland, Rotorua, Huka Falls, Lake Taupo, Mount Ruapehu, Wellington, Picton, Kaikoura, Christchurch, Arthurs Pass... Show all","€1,904",Kiwiana Panorama,https://www.contiki.com/eu/en/destinations/new-zealand/tours/kiwiana-panorama-auckland-to-christchurch-summer-3658
102,1,"Visiting Phuket, Khao Sok, Koh Samui, Koh Pha-Ngan, Koh Samui","€1,084",Southern Thai Highlights,https://www.contiki.com/eu/en/destinations/asia/tours/southern-thai-highlights-apr-to-sept-3957
103,1,"Visiting Los Angeles, Mojave Desert, Las Vegas, Mojave Desert, Las Vegas, Route 66, Grand Canyon, Monument Valley, Durango... Show all","€2,355",Southern Adventure,https://www.contiki.com/eu/en/destinations/usa-canada/tours/southern-adventure-start-los-angeles-until-jan2021-23
104,1,"Visiting New Orleans, Mobile, Panama City Beach, Orlando, Miami, St Augustine, Savannah, Asheville, Richmond, Washington DC... Show all","€2,615",Eastern Discovery,https://www.contiki.com/eu/en/destinations/usa-canada/tours/eastern-discovery-start-new-orleans-apr2020-sept2021-3904
105,1,"Visiting New Orleans, Memphis, Nashville, Lynchburg, The Great Smoky Mountains, Atlanta","€1,629",Southern Stars,https://www.contiki.com/eu/en/destinations/usa-canada/tours/southern-stars-new-orleans-to-atlanta-3892
106,1,"Visiting Medellin, Cartagena, Palomino Beach, Tayrona National Park, Santa Marta","€1,249",Colombian Coasts & Culture,https://www.contiki.com/eu/en/destinations/latin-america/tours/colombian-coasts-culture-3863
107,4,"Visiting Denmark, Norway, Sweden, Finland","€2,145",Scandinavia,https://www.contiki.com/eu/en/destinations/europe/tours/scandinavia-end-helsinki-3941
108,9,"Visiting England, France, Italy, Germany, Netherlands, Monaco, The Vatican, Austria, Belgium","€1,669",European Highlights,https://www.contiki.com/eu/en/destinations/europe/tours/european-highlights2020-3927
109,9,"Visiting England, Netherlands, Germany, Austria, Italy, Switzerland, France, Belgium, The Vatican","€1,424",European Discovery,https://www.contiki.com/eu/en/destinations/europe/tours/european-discovery-winter-from-oct-2020-3968
110,1,"Visiting Bogota, Zipaquira, Villa de Leyva, Zipaquira, Villa de Leyva, Barichara, San Gil, Bogota, Zona Cafetera, Salento... Show all","€1,618",Colombia Quest,https://www.contiki.com/eu/en/destinations/latin-america/tours/colombia-quest-3862
111,1,"Visiting Dallas/Fort Worth, Austin, San Antonio, Houston, New Orleans, Memphis, Nashville, Lynchburg... Show all","€2,439",Boot Scoot N Blues,https://www.contiki.com/eu/en/destinations/usa-canada/tours/boot-scoot-n-blues-3900
112,1,"Visiting Lima, Arequipa, Colca Canyon, Puno, Raqchi, Cusco, Sacred Valley, Aguas Calientes, Cusco","€1,536",Peru Panorama,https://www.contiki.com/eu/en/destinations/latin-america/tours/peru-panorama-3875
113,2,"Visiting Jerusalem, Jerash, Amman, Petra, Wadi Rum, Eilat, Tel Aviv","€1,950",Israel and Jordan Uncovered,https://www.contiki.com/eu/en/destinations/africa-the-middle-east/tours/israel-and-jordan-uncovered-from-apr2020-3976
114,1,"Visiting Ho Chi Minh City, Mekong Delta, Ho Chi Minh City, Nha Trang, Hoi An, Hue, Hanoi, Halong Bay, Hanoi","€1,454",Vietnam Experience,https://www.contiki.com/eu/en/destinations/asia/tours/vietnam-experience-220
115,2,"Visiting Rome, Vatican City, Sorrento, Amalfi, Sorrento, Pompeii, Florence, Verona, Venice, Lake Como, Milan, Cinque Terre... Show all","€1,382",Simply Italy,https://www.contiki.com/eu/en/destinations/europe/tours/simply-italy-winter-152
116,1,Visiting Hopfgarten,€318,The Ski Austria Weekender,https://www.contiki.com/eu/en/destinations/europe/tours/the-ski-austria-weekender-3680
117,1,"Visiting Negombo, Kandy, Ella, Udawalawe National Park, Unawatuna, Colombo","€1,236",Pure Sri Lanka,https://www.contiki.com/eu/en/destinations/asia/tours/pure-sri-lanka-3810
118,1,"Visiting Osaka, Kyoto, Hiroshima, Tokyo, Hakone, Tokyo, Hakuba, Tokyo","€2,948",Japan Winter Wonder PLUS 4 Day Ski,https://www.contiki.com/eu/en/destinations/asia/tours/japan-winter-wonder-plus4-day-ski-3682
119,1,"Visiting Quito, Tena, Banos, Quito",€855,The Lava Line,https://www.contiki.com/eu/en/destinations/latin-america/tours/lava-line-from-feb2021-4040
120,1,"Visiting Auckland, Raglan, Rotorua, Blue Duck Station, Wellington",€795,North Island Off-Grid,https://www.contiki.com/eu/en/destinations/new-zealand/tours/north-island-off-grid-4012
121,1,"Visiting La Paz, Uyuni, Avaroa National Reserve, La Paz",€997,Bolivian Magic,https://www.contiki.com/eu/en/destinations/latin-america/tours/bolivian-magic-from-march2021-4036
122,1,"Visiting Wellington, Marlborough Sounds, Christchurch, Lake Tekapo, Mt Cook, Arrowtown, Glenorchy, Queenstown","€1,088",South Island Off-Grid,https://www.contiki.com/eu/en/destinations/new-zealand/tours/south-island-off-grid-4013
123,3,"Visiting Budapest, Ljubljana, Plitvice, Krka National Park, Split",€617,Mini Balkan,https://www.contiki.com/eu/en/destinations/europe/tours/mini-balkan-from-march2021-4026
124,1,"Visiting Sydney, Byron Bay",€696,City to Surf,https://www.contiki.com/eu/en/destinations/australia/tours/city-to-surf-4001
125,1,"Visiting Uluru, Kings Canyon, Uluru",€504,Uluru Explorer,https://www.contiki.com/eu/en/destinations/australia/tours/uluru-explorer-from-may-2021-4009
126,1,"Visiting Byron Bay, Hosanna Farm, Noosa Everglades, Hosanna Farm, Noosa Everglades, Fraser Island, Noosa Everglades... Show all","€1,137",The Sun Seeker,https://www.contiki.com/eu/en/destinations/australia/tours/the-sun-seeker-start-byron-bay-4007
127,1,"Visiting Darwin, Litchfield National Park, Kakadu National Park, Darwin, Uluru, Kings Canyon, Uluru","€1,382",Outback Adventure,https://www.contiki.com/eu/en/destinations/australia/tours/outback-adventure-start-darwin-4002
128,1,"Visiting Dallas/Fort Worth, Memphis, New Orleans, Mobile, Panama City Beach, Orlando, Miami","€1,455",Eastern Discovery,https://www.contiki.com/eu/en/destinations/usa-canada/tours/eastern-discovery-start-dallas-fort-worth-from-feb2021-4017
129,1,"Visiting Lisbon, Fatima, Coimbra, Porto, Aveiro, Obidos, Santa Cruz, Evora, Lagos, Lisbon","€1,116",Portugal City & Surf,https://www.contiki.com/eu/en/destinations/europe/tours/portugal-city-surf-3951
130,4,"Visiting England, France, Netherlands, Germany","€1,257",London to Berlin by Train,https://www.contiki.com/eu/en/destinations/europe/tours/london-to-berlin-by-train-3964
131,1,"Visiting Mexico City, Oaxaca, Merida, Chichen Itza, Cancun","€1,165",Yucatan Highlights,https://www.contiki.com/eu/en/destinations/latin-america/tours/yucatan-highlights-from-march2021-4046
132,1,"Visiting Byron Bay, Hosanna Farm, Noosa Everglades, Hosanna Farm, Noosa Everglades, Fraser Island, Noosa Everglades... Show all","€1,364",The Sun Seeker with Sailing,https://www.contiki.com/eu/en/destinations/australia/tours/the-sun-seeker-with-whitsundays-sailing-start-byron-bay-4008
133,5,"Visiting Germany, Czech Republic, Austria, Hungary, Slovakia","€1,408",Vegan Food Europe Explorer,https://www.contiki.com/eu/en/destinations/europe/tours/vegan-food-europe-explorer-4014
134,2,"Visiting Buenos Aires, Iguassu Falls, Rio de Janeiro","€1,471",Argentina & Brazil Highlights,https://www.contiki.com/eu/en/destinations/latin-america/tours/argentina-brazil-highlights-from-march2021-4033
135,1,"Visiting Bogota, Pereira, Combia, Medellin, Guatape, Medellin, Cartagena, Santa Marta, Tayrona National Park, Santa Marta","€1,538",Hola Colombia,https://www.contiki.com/eu/en/destinations/latin-america/tours/hola-colombia-from-jan2021-4034
136,1,"Visiting Auckland, Raglan, Rotorua, Blue Duck Station, Wellington, Marlborough Sounds, Christchurch, Lake Tekapo, Mt Cook... Show all","€1,841",New Zealand Off-Grid,https://www.contiki.com/eu/en/destinations/new-zealand/tours/new-zealand-off-grid-4010
137,6,"Visiting Hungary, Slovenia, Croatia, Montenegro, Bosnia and Herzegovina, Serbia","€1,928",Best of Balkans,https://www.contiki.com/eu/en/destinations/europe/tours/best-of-balkans-start-budapest-from-march2021-4025
138,1,"Visiting Las Vegas, Bryce Canyon National Park, Zion National Park, Bryce Canyon National Park, Zion National Park... Show all","€1,905",National Parks Plus,https://www.contiki.com/eu/en/destinations/usa-canada/tours/national-parks-plus-4054
139,1,"Visiting Vancouver, Whistler, Sun Peaks, Mt. Robson, Jasper, Banff, Vernon, Vancouver","€1,822",Canada & the Rockies,https://www.contiki.com/eu/en/destinations/usa-canada/tours/canada-the-rockies-from-may2021-4056
140,1,"Visiting San Francisco, Portland, Seattle","€1,702",Pacific Northwest Trail,https://www.contiki.com/eu/en/destinations/usa-canada/tours/pacific-northwest-trail-from-june2021-4016
141,3,"Visiting Rome, La Spezia, Nice, Montpellier, Barcelona","€1,801",Rome to Barcelona by Train,https://www.contiki.com/eu/en/destinations/europe/tours/rome-to-barcelona-by-train-3966
142,1,"Visiting San Francisco, Muir Woods, Sonoma, Muir Woods, Sonoma, Bass Lake, Yosemite National Park, Palm Springs, Santa Monica","€1,764",California Dreamin,https://www.contiki.com/eu/en/destinations/usa-canada/tours/california-dreamin-san-fran-to-santa-monica-4052
143,1,"Visiting Sydney, Byron Bay, Hosanna Farm, Noosa Everglades, Fraser Island, Noosa Everglades, Whitsundays, Townsville... Show all","€1,726",Beaches and Reefs,https://www.contiki.com/eu/en/destinations/australia/tours/beaches-and-reefs-start-sydney-3999
144,3,"Visiting Bangkok, Overnight Train to Surat Thani, Surat Thani, Khao Sok, Krabi, Satun, Langkawi, Penang, Cameron Highlands... Show all","€2,064",Bangkok to Singapore Adventure,https://www.contiki.com/eu/en/destinations/asia/tours/bangkok-to-singapore-adventure-3959
145,10,"Visiting England, Netherlands, Germany, Czech Republic, Austria, Italy, Switzerland, France, Belgium, The Vatican","€1,977",European Whirl,https://www.contiki.com/eu/en/destinations/europe/tours/european-whirl-from-march2021-4023
146,1,"Visiting Los Angeles, San Diego, Phoenix, Sedona, Grand Canyon, Route 66, Las Vegas, Mojave Desert, Sierra Nevada, Lake Tahoe... Show all","€2,020",LA to the Bay,https://www.contiki.com/eu/en/destinations/usa-canada/tours/la-to-the-bay-plus-ski-tahoe-winter-from-dec2021-to-mar2022-4058
147,1,"Visiting Quito, Santa Cruz Island, Isabela Island, Santa Cruz Island, Isabela Island, Santa Cruz Island... Show all","€1,944",Galapagos Island Hopper,https://www.contiki.com/eu/en/destinations/latin-america/tours/galapagos-island-hopper-from-feb2021-4038
148,1,"Visiting Sydney, Byron Bay, Hosanna Farm, Noosa Everglades, Fraser Island, Noosa Everglades, Whitsundays, Townsville... Show all","€1,953",Beaches and Reefs with Sailing,https://www.contiki.com/eu/en/destinations/australia/tours/beaches-and-reefs-with-whitsundays-sailing-start-sydney-4000
149,6,"Visiting Croatia, Montenegro, Bosnia and Herzegovina, Serbia, Hungary, Slovenia","€1,952",Best of Balkans,https://www.contiki.com/eu/en/destinations/europe/tours/best-of-balkans-start-split-from-march2021-4024
150,1,"Visiting Sydney, Byron Bay, Hosanna Farm, Noosa Everglades, Fraser Island, Noosa Everglades, Whitsundays, Townsville... Show all","€2,019",Reefs and Rainforests,https://www.contiki.com/eu/en/destinations/australia/tours/reefs-and-rainforests-start-sydney-4003
151,1,"Visiting Los Angeles, Las Vegas, Route 66, Grand Canyon, Monument Valley, Durango, Santa Fe, Amarillo, Dallas/Fort Worth","€2,082",Southern Adventure,https://www.contiki.com/eu/en/destinations/usa-canada/tours/southern-adventure-start-los-angeles-from-feb2021-4022
152,1,"Visiting Los Angeles, San Diego, Phoenix, Sedona, Grand Canyon, Route 66, Las Vegas, Barstow, San Joaquin Valley, Bass Lake... Show all","€1,972",LA to the Bay,https://www.contiki.com/eu/en/destinations/usa-canada/tours/la-to-the-bay-from-april2021-to-nov2021-4020
153,1,"Visiting Vancouver, Whistler, Sun Peaks, Mt. Robson, Jasper, Banff, Calgary, Vernon, Vancouver","€2,367",Canada & the Rockies,https://www.contiki.com/eu/en/destinations/usa-canada/tours/canada-the-rockies-plus-calgary-stampede-from-june2021-4057
154,1,"Visiting Puerto Vallarta, Tequila, Guadalajara, Guanajuato, Mexico City, Oaxaca, Merida, Chichen Itza, Cancun","€2,152",Mexico Grande,https://www.contiki.com/eu/en/destinations/latin-america/tours/mexico-grande-from-march2021-4042
155,1,"Visiting New York City, Philadelphia, Washington DC, Atlanta, Miami","€2,473",New York to Miami,https://www.contiki.com/eu/en/destinations/usa-canada/tours/new-york-to-miami-4050
156,3,"Visiting Cancun, Playa del Carmen, Caye Caulker, Belize City, Tikal, Flores, Antigua","€2,149",Caribbean Encounter,https://www.contiki.com/eu/en/destinations/latin-america/tours/caribbean-encounter-from-march2021-4037
157,1,"Visiting Bangkok, Kanchanaburi, Ayutthaya, Overnight Train to Chiang Mai, Chiang Mai, Pai, Chiang Mai, Phuket, Khao Sok... Show all","€2,136",Total Thailand,https://www.contiki.com/eu/en/destinations/asia/tours/total-thailand-apr-to-sept-3955
158,1,"Visiting Quito, Tena, Banos, Quito, Santa Cruz Island, Isabela Island, Santa Cruz Island, San Cristobal Island, Guayaquil","€2,844",Ecuador & Galapagos Island Hopper,https://www.contiki.com/eu/en/destinations/latin-america/tours/ecuador-galapagos-hopper-from-feb2021-4047
159,1,"Visiting Bangkok, Kanchanaburi, Ayutthaya, Overnight Train to Chiang Mai, Chiang Mai, Pai, Chiang Mai, Phuket, Khao Sok... Show all","€2,136",Total Thailand,https://www.contiki.com/eu/en/destinations/asia/tours/total-thailand-oct-to-mar-954
160,2,"Visiting Lima, Puerto Maldonado, Jungle Lodge, Cusco, Sacred Valley, Aguas Calientes, Cusco, La Paz, Uyuni... Show all","€2,826",Andean Crossing,https://www.contiki.com/eu/en/destinations/latin-america/tours/andean-crossing-from-march2021-4032
161,1,"Visiting Sydney, Byron Bay, Hosanna Farm, Noosa Everglades, Fraser Island, Noosa Everglades, Whitsundays, Townsville... Show all","€2,245",Reefs and Rainforests with Sailing,https://www.contiki.com/eu/en/destinations/australia/tours/reefs-and-rainforests-with-whitsundays-sailing-start-sydney-4028
162,1,"Visiting Los Angeles, Las Vegas, Grand Canyon, Monument Valley, Durango, Santa Fe, Amarillo, Dallas/Fort Worth, Memphis... Show all","€3,484",Grand Southern,https://www.contiki.com/eu/en/destinations/usa-canada/tours/grand-southern-start-los-angeles-from-feb2021-4018
163,3,"Visiting Cusco, Sacred Valley, Aguas Calientes, Cusco, Puerto Maldonado, Jungle Lodge, Puerto Maldonado, Lima, Buenos Aires... Show all","€3,704",The Explorer,https://www.contiki.com/eu/en/destinations/latin-america/tours/the-explorer-from-march2021-4045
164,1,"Visiting Sydney, Byron Bay, Hosanna Farm, Noosa Everglades, Fraser Island, Noosa Everglades, Whitsundays, Townsville... Show all","€3,233",The Big Walkabout,https://www.contiki.com/eu/en/destinations/australia/tours/the-big-walkabout-start-sydney-4005
165,2,"Visiting Boston, Quebec City, Montreal, Rockport, Toronto, Niagara Falls, Detroit, Chicago","€3,040",North by North East,https://www.contiki.com/eu/en/destinations/usa-canada/tours/north-by-north-east-start-boston-from-may2021-4021
166,2,"Visiting Boston, Quebec City, Montreal, Rockport, Toronto, Niagara Falls, Vancouver, Toronto, Whistler, Sun Peaks, Mt. Robson... Show all","€4,069",Grand Canadian,https://www.contiki.com/eu/en/destinations/usa-canada/tours/grand-canadian-from-june2021-4027
167,3,"Visiting Puerto Vallarta, Tequila, Guadalajara, Guanajuato, Mexico City, Oaxaca, Merida, Chichen Itza, Cancun, Playa del Carmen... Show all","€3,279",Latin Legends,https://www.contiki.com/eu/en/destinations/latin-america/tours/latin-legends-from-march2021-4039
168,1,"Visiting Sydney, Byron Bay, Hosanna Farm, Noosa Everglades, Fraser Island, Noosa Everglades, Whitsundays, Townsville... Show all","€3,460",The Big Walkabout with Sailing,https://www.contiki.com/eu/en/destinations/australia/tours/the-big-walkabout-with-whitsundays-sailing-start-sydney-4006
169,1,"Visiting Miami, Orlando, Tallahassee, Panama City Beach, New Orleans, Memphis, Dallas/Fort Worth, Amarillo, Santa Fe, Durango... Show all","€3,319",Grand Southern,https://www.contiki.com/eu/en/destinations/usa-canada/tours/grand-southern-start-miami-from-april2021-4019
170,3,"Visiting Mexico City, Oaxaca, Merida, Chichen Itza, Cancun, Playa del Carmen, Caye Caulker, Belize City, Tikal, Flores, Antigua","€2,935",Sol Seeker,https://www.contiki.com/eu/en/destinations/latin-america/tours/sol-seeker-from-march2021-4043
171,3,"Visiting Lima, Arequipa, Colca Canyon, Puno, Raqchi, Cusco, Sacred Valley, Aguas Calientes, Cusco, Puerto Maldonado, Jungle Lodge... Show all","€4,641",The Adventurer,https://www.contiki.com/eu/en/destinations/latin-america/tours/the-adventurer-from-march2021-4044
172,1,"Visiting Los Angeles, Las Vegas, Grand Canyon, Monument Valley, Durango, Albuquerque, Amarillo, Dallas/Fort Worth, Memphis... Show all","€4,599",Grand Southern,https://www.contiki.com/eu/en/destinations/usa-canada/tours/grand-southern-start-los-angeles-apr2020-jan2021-3902
173,2,"Visiting Boston, Quebec City, Montreal, Rockport, Toronto, Niagara Falls, Vancouver, Toronto, Whistler, Sun Peaks, Mt. Robson... Show all","€4,610",Grand Canadian,https://www.contiki.com/eu/en/destinations/usa-canada/tours/grand-canadian-plus-calgary-stampede-from-june2021-4029
174,3,"Visiting Cancun, Playa del Carmen, Caye Caulker, Belize City, Tikal, Flores, Antigua","€1,736",Caribbean Encounter,https://www.contiki.com/eu/en/destinations/latin-america/tours/caribbean-encounter-until-feb2021-3865
175,10,"Visiting England, Netherlands, Germany, Czech Republic, Hungary, Bosnia and Herzegovina, Croatia, France, Belgium, Slovakia","€2,134",Road to Croatia,https://www.contiki.com/eu/en/destinations/europe/tours/road-to-croatia-3939
176,1,"Visiting Chicago, Milwaukee, Madison, Milwaukee, Madison, Sioux Falls, Mt. Rushmore, Cody, Yellowstone National Park, Cody... Show all","€2,365",Northern Adventure,https://www.contiki.com/eu/en/destinations/usa-canada/tours/northern-adventure-3907
177,2,"Visiting Delhi, Agra, Lucknow, Varanasi, Chitwan National Park, Kathmandu","€1,721",Delhi to Kathmandu Quest,https://www.contiki.com/eu/en/destinations/asia/tours/delhi-to-kathmandu-quest-3948
178,1,"Visiting Tokyo, Kyoto, Osaka","€2,245",Japan in a Week,https://www.contiki.com/eu/en/destinations/asia/tours/japan-in-a-week-3949
179,10,"Visiting England, Netherlands, Germany, Czech Republic, Austria, Italy, Switzerland, France, Belgium, The Vatican","€3,045",European Whirl,https://www.contiki.com/eu/en/destinations/europe/tours/european-whirl-until-sept2020-3933
180,1,"Visiting Anchorage, Talkeetna, Denali National Park, Wilderness Glacier Camp, MacLaren River Lodge, Wrangell-St Elias... Show all","€3,355",Grand Alaska,https://www.contiki.com/eu/en/destinations/usa-canada/tours/grand-alaska-3894
181,1,"Visiting Bogota, Zipaquira, Villa de Leyva, Zipaquira, Villa de Leyva, Barichara, San Gil, Bogota, Zona Cafetera, Salento... Show all","€2,403",Hola Colombia,https://www.contiki.com/eu/en/destinations/latin-america/tours/hola-colombia-until-dec2020-3861
182,12,"Visiting England, France, Spain, Italy, Austria, Germany, Switzerland, Netherlands, Monaco, The Vatican, Liechtenstein, Belgium","€2,427",European Escapade,https://www.contiki.com/eu/en/destinations/europe/tours/european-escapade-3969
183,2,"Visiting Makgadikgadi Salt Pans, Okavango Delta, Maun, Caprivi Strip, Grootfontein, Etosha, Swakopmund, Sossusvlei, Windhoek","€3,075",Okavango Delta & Deserts,https://www.contiki.com/eu/en/destinations/africa-the-middle-east/tours/okavango-delta-and-deserts-3909
184,11,"Visiting England, France, Switzerland, Italy, Austria, Czech Republic, Poland, Germany, Netherlands, The Vatican, Belgium","€2,779",European Vistas,https://www.contiki.com/eu/en/destinations/europe/tours/european-vistas-3970
185,3,"Visiting Mexico City, Merida, Chichen Itza, Cancun, Playa del Carmen, Caye Caulker, Belize City, Tikal, Flores, Antigua","€2,477",Sol Seeker,https://www.contiki.com/eu/en/destinations/latin-america/tours/sol-seeker-until-feb2021-3868
186,13,"Visiting England, Netherlands, Germany, Czech Republic, Hungary, Bosnia and Herzegovina, Croatia, Slovenia, Italy, Switzerland... Show all","€2,772",European Dream,https://www.contiki.com/eu/en/destinations/europe/tours/european-dream-3923
187,4,"Visiting Mexico, Belize, Guatemala, Costa Rica","€2,837",Tropical Trails,https://www.contiki.com/eu/en/destinations/latin-america/tours/tropical-trails-3872
188,7,"Visiting Denmark, Norway, Sweden, Finland, Russia, Belarus, Poland","€3,705",Scandinavia & Russia Plus,https://www.contiki.com/eu/en/destinations/europe/tours/scandinavia-russia-plus-3943
189,11,"Visiting England, France, Switzerland, Italy, Austria, Czech Republic, Poland, Germany, Netherlands, The Vatican, Belgium","€2,291",European Winter Vistas,https://www.contiki.com/eu/en/destinations/europe/tours/european-vistas-winter-from-oct-2020-3971
190,3,"Visiting Puerto Vallarta, Tequila, Guadalajara, Guanajuato, San Miguel de Allende, Mexico City, Merida, Chichen Itza, Cancun... Show all","€3,672",Latin Legends,https://www.contiki.com/eu/en/destinations/latin-america/tours/latin-legends-until-feb2021-3877
191,17,"Visiting England, France, Spain, Italy, Greece, Albania, Croatia, Austria, Germany, Switzerland, Netherlands, Monaco, The Vatican... Show all","€4,587",European Explorer plus Mykonos Island,https://www.contiki.com/eu/en/destinations/europe/tours/european-explorer-plus-mykonos-island-3926
192,2,"Visiting New York City, Boston, Quebec City, Montreal, Toronto, Niagara Falls, Toronto, Cleveland, Chicago, Madison, Sioux Falls... Show all","€4,059",Grand Northern,https://www.contiki.com/eu/en/destinations/usa-canada/tours/grand-northern-3906
193,4,"Visiting Mexico, Belize, Guatemala, Costa Rica","€3,792",Playas of Paradise,https://www.contiki.com/eu/en/destinations/latin-america/tours/playas-of-paradise-3867
194,13,"Visiting England, France, Italy, Greece, Austria, Czech Republic, Germany, Switzerland, Netherlands, Monaco, The Vatican... Show all","€3,030",European Contrasts plus Corfu,https://www.contiki.com/eu/en/destinations/europe/tours/european-contrasts-3921
195,2,"Visiting Puerto Natales, El Calafate, El Chaltén, El Calafate","€2,564",Patagonia Trail,https://www.contiki.com/eu/en/destinations/latin-america/tours/patagonia-trail-3876
196,4,"Visiting Ecuador, Peru, Argentina, Brazil","€7,057",The Latin Quest,https://www.contiki.com/eu/en/destinations/latin-america/tours/the-latin-quest-3871
197,4,"Visiting South Africa, Zimbabwe, Botswana, Namibia","€5,196",Southern Africa Safari,https://www.contiki.com/eu/en/destinations/africa-the-middle-east/tours/southern-africa-safari-3910
198,3,"Visiting Lima, Arequipa, Colca Canyon, Puno, Raqchi, Cusco, Sacred Valley, Aguas Calientes, Cusco, Puerto Maldonado, Jungle Lodge... Show all","€4,154",The Adventurer,https://www.contiki.com/eu/en/destinations/latin-america/tours/the-adventurer-until-feb2021-3869
199,4,"Visiting Mexico, Belize, Guatemala, Costa Rica","€4,813",Coast to Canopies,https://www.contiki.com/eu/en/destinations/latin-america/tours/coast-to-canopies-3866
200,18,"Visiting England, France, Spain, Italy, Greece, Albania, Croatia, Austria, Germany, Switzerland, Netherlands, Monaco, The Vatican... Show all","€5,069",European Explorer plus Greek Island Cruising,https://www.contiki.com/eu/en/destinations/europe/tours/european-explorer-plus-greek-island-cruising-3925
201,1,"Visiting Auckland, Parry Kauri Park, Paihia, Parry Kauri Park, Paihia, Auckland, Rotorua, Huka Falls, Lake Taupo, Mount Ruapehu... Show all","€2,198",The Big Tiki,https://www.contiki.com/eu/en/destinations/new-zealand/tours/the-big-tiki-auckland-to-christchurch-summer-3662
202,1,"Visiting Auckland, Parry Kauri Park, Paihia, Parry Kauri Park, Paihia, Auckland, Rotorua, Huka Falls, Lake Taupo, Mount Ruapehu... Show all","€1,135",Northern Choice,https://www.contiki.com/eu/en/destinations/new-zealand/tours/northern-choice-auckland-to-wellington-winter-3516
203,1,"Visiting Christchurch, Lake Tekapo, Lake Ohau, Lake Tekapo, Lake Ohau, Arrowtown, Te Anau, Milford Sound, Queenstown, Wanaka... Show all","€1,870",Kiwiana Panorama,https://www.contiki.com/eu/en/destinations/new-zealand/tours/kiwiana-panorama-christchurch-to-auckland-summer-3660
204,5,"Visiting Sweden, Finland, Russia, Belarus, Poland","€2,469",Russia Plus,https://www.contiki.com/eu/en/destinations/europe/tours/russia-start-stockholm-185
205,1,"Visiting Queenstown, Wanaka, Haast Pass, Franz Josef Glacier, Hokitika, Arthurs Pass, Christchurch, Kaikoura, Picton... Show all","€1,849",The Big Tiki,https://www.contiki.com/eu/en/destinations/new-zealand/tours/the-big-tiki-queenstown-to-auckland-summer-3503
206,1,"Visiting Los Angeles, San Diego, Phoenix, Sedona, Grand Canyon, Route 66, Las Vegas, Mojave Desert, Sierra Nevada, Lake Tahoe... Show all","€2,375",Wild Western,https://www.contiki.com/eu/en/destinations/usa-canada/tours/wild-western-winter-3016
207,1,"Visiting Puerto Vallarta, Tequila, Guadalajara, Guanajuato, Mexico City","€1,108",Mexican Fiesta,https://www.contiki.com/eu/en/destinations/latin-america/tours/mexican-fiesta-2696
208,4,"Visiting Finland, Russia, Belarus, Poland","€2,165",Russia Plus,https://www.contiki.com/eu/en/destinations/europe/tours/russia-start-helsinki-274
209,1,"Visiting Athens, Corinth, Mycenae, Olympia, Delphi, Athens, Mykonos, Santorini, Ios, Athens","€2,304",Spotlight on Greece,https://www.contiki.com/eu/en/destinations/europe/tours/spotlight-on-greece-plus12-day-greek-island-hopping-672
210,1,"Visiting Fez, Marrakech",€653,Morocco,https://www.contiki.com/eu/en/destinations/africa-the-middle-east/tours/morocco-1896
211,1,"Visiting Auckland, Parry Kauri Park, Paihia, Parry Kauri Park, Paihia, Auckland, Rotorua, Huka Falls, Lake Taupo, Mount Ruapehu... Show all","€1,900",The Big Tiki,https://www.contiki.com/eu/en/destinations/new-zealand/tours/the-big-tiki-auckland-to-queenstown-summer-3501
212,1,"Visiting Wellington, Picton, Kaikoura, Christchurch, Picton, Kaikoura, Christchurch, Arthurs Pass, Hokitika... Show all","€1,198",'Sweet as' South,https://www.contiki.com/eu/en/destinations/new-zealand/tours/sweet-as-south-start-wellington-3838
213,2,"Visiting London, Dublin, London",€855,St. Patrick's Day,https://www.contiki.com/eu/en/destinations/europe/tours/st-patricks-day-hotel-553
214,1,"Visiting Los Angeles, San Diego, Phoenix, Sedona, Grand Canyon, Route 66, Las Vegas, Mojave Desert, Sierra Nevada, Lake Tahoe... Show all","€1,989",LA to the Bay,https://www.contiki.com/eu/en/destinations/usa-canada/tours/la-to-the-bay-plus-ski-tahoe-winter-from-dec2020-to-mar2021-3006
215,1,"Visiting Auckland, Parry Kauri Park, Paihia, Parry Kauri Park, Paihia, Auckland, Rotorua, Huka Falls, Lake Taupo, Mount Ruapehu... Show all","€2,198",The Big Tiki,https://www.contiki.com/eu/en/destinations/new-zealand/tours/the-big-tiki-auckland-to-christchurch-winter-3663
216,1,"Visiting Christchurch, Lake Tekapo, Lake Ohau, Lake Tekapo, Lake Ohau, Arrowtown, Te Anau, Milford Sound, Queenstown, Wanaka... Show all","€2,147",The Big Tiki,https://www.contiki.com/eu/en/destinations/new-zealand/tours/the-big-tiki-christchurch-to-auckland-winter-3665
217,1,"Visiting Christchurch, Lake Tekapo, Lake Ohau, Lake Tekapo, Lake Ohau, Arrowtown, Te Anau, Milford Sound, Queenstown, Wanaka... Show all","€1,198",'Sweet as' South,https://www.contiki.com/eu/en/destinations/new-zealand/tours/sweet-as-south-end-wellington-3839
218,1,"Visiting Los Angeles, Las Vegas, Miami, New York City","€2,850",Best of USA,https://www.contiki.com/eu/en/destinations/usa-canada/tours/best-of-usa-start-los-angeles-3806
219,1,"Visiting Arusha, Tarangire, Serengeti, Ngorogoro Crater, Arusha","€1,840",Taste of Tanzania,https://www.contiki.com/eu/en/destinations/africa-the-middle-east/tours/taste-of-tanzania-3817
220,1,"Visiting Kilimanjaro Int'l Airport, Moshi Town, Marangu, Mandara Huts, Horombo Huts, Kibo Hut, Gillman's Point... Show all","€1,675",Marangu Kili Climb,https://www.contiki.com/eu/en/destinations/africa-the-middle-east/tours/marangu-kili-climb-3813
221,1,"Visiting Osaka, Kyoto, Hiroshima, Tokyo, Hakone, Tokyo, Hakuba, Tokyo","€3,218",Japan Winter Wonder PLUS 6 Day Ski,https://www.contiki.com/eu/en/destinations/asia/tours/japan-winter-wonder-plus6-day-ski-3683
222,1,Visiting Hopfgarten,€238,Mini Ski Austria,https://www.contiki.com/eu/en/destinations/europe/tours/mini-ski-austria-3679
223,1,"Visiting Istanbul, Gallipoli, Canakkale, Troy, Pergamum, Izmir, Pamukkale, Ephesus, Kusadasi, Bodrum",€995,Turkish Delight,https://www.contiki.com/eu/en/destinations/europe/tours/turkish-delight-3825
224,1,"Visiting Phuket, Khao Sok, Koh Lanta, Koh Phi Phi, Phuket","€1,084",Southern Thai Highlights,https://www.contiki.com/eu/en/destinations/asia/tours/southern-thai-highlights-oct-to-mar-3956
225,1,"Visiting Istanbul, Gallipoli, Canakkale, Troy, Pergamum, Izmir, Pamukkale, Ephesus, Kusadasi, Bodrum, Orak Island, Cokertme... Show all","€1,830",Turkish Adventure,https://www.contiki.com/eu/en/destinations/europe/tours/turkish-adventure-3824
226,1,"Visiting Athens, Corinth, Mycenae, Olympia, Delphi, Athens, Aegina, Hydra, Plaka, Spetses, Ermioni, Poros, Athens","€2,320",Spotlight on Greece,https://www.contiki.com/eu/en/destinations/europe/tours/spotlight-on-greece-plus-greek-sailing-3843
227,1,Visiting Dublin,€819,St Patrick's Day,https://www.contiki.com/eu/en/destinations/europe/tours/st-patricks-day-hotel-dublin-1052
228,1,"Visiting Vancouver, Whistler, Banff, Calgary","€1,657",The Powder Rush,https://www.contiki.com/eu/en/destinations/usa-canada/tours/powder-1022
229,1,"Visiting Auckland, Parry Kauri Park, Paihia, Parry Kauri Park, Paihia, Auckland",€295,Jaffas n Jandals,https://www.contiki.com/eu/en/destinations/new-zealand/tours/jaffas-jandals-388
230,7,"Visiting England, France, Spain, Italy, Greece, Monaco, The Vatican","€3,724",London to Athens,https://www.contiki.com/eu/en/destinations/europe/tours/london-to-athens-plus-mykonos-santorini-island-escape9-days-3486
231,1,"Visiting Auckland, Rotorua, Huka Falls, Lake Taupo, Mount Ruapehu, Wellington, Picton, Kaikoura, Christchurch, Arthurs Pass... Show all","€1,606",Kiwiana Panorama,https://www.contiki.com/eu/en/destinations/new-zealand/tours/kiwiana-panorama-auckland-to-queenstown-winter-3508
232,1,"Visiting Quito, Tena, Banos, Guayaquil",€720,The Lava Line,https://www.contiki.com/eu/en/destinations/latin-america/tours/lava-line-until-jan2021-2656
233,1,"Visiting Christchurch, Lake Tekapo, Lake Ohau, Lake Tekapo, Lake Ohau, Arrowtown, Te Anau, Milford Sound, Queenstown, Wanaka... Show all","€1,870",Kiwiana Panorama,https://www.contiki.com/eu/en/destinations/new-zealand/tours/kiwiana-panorama-christchurch-to-auckland-winter-3661
234,1,"Visiting Athens, Corinth, Mycenae, Olympia, Delphi, Athens, Mykonos, Santorini, Ios, Athens","€3,310",Spotlight on Greece,https://www.contiki.com/eu/en/destinations/europe/tours/spotlight-on-greece-plus13-day-greek-island-hopping-662
235,1,"Visiting Christchurch, Kaikoura, Picton, Wellington, Kaikoura, Picton, Wellington, Mount Ruapehu, Huka Falls, Rotorua, Auckland... Show all","€1,195",Northern Choice,https://www.contiki.com/eu/en/destinations/new-zealand/tours/northern-choice-christchurch-to-auckland-winter-3514
236,1,"Visiting Auckland, Parry Kauri Park, Paihia, Parry Kauri Park, Paihia, Auckland, Rotorua, Huka Falls, Lake Taupo, Mount Ruapehu... Show all","€1,212",Northern Choice,https://www.contiki.com/eu/en/destinations/new-zealand/tours/northern-choice-auckland-to-christchurch-winter-3512
237,1,"Visiting Cairns, Great Barrier Reef, Cairns",€510,Snorkel to Adventure,https://www.contiki.com/eu/en/destinations/australia/tours/snorkel-to-adventure-71
238,1,"Visiting Queenstown, Wanaka, Haast Pass, Franz Josef Glacier, Hokitika, Arthurs Pass, Christchurch, Kaikoura, Picton... Show all","€1,849",The Big Tiki,https://www.contiki.com/eu/en/destinations/new-zealand/tours/the-big-tiki-queenstown-to-auckland-winter-3502
239,1,"Visiting Cairns, Great Barrier Reef, Cairns",€740,Learn to Dive,https://www.contiki.com/eu/en/destinations/australia/tours/learn-to-dive-57
240,1,Visiting Queenstown,€931,Ultimate NZ Ski,https://www.contiki.com/eu/en/destinations/new-zealand/tours/ultimate-nz-ski-382
241,1,"Visiting Auckland, Parry Kauri Park, Paihia, Parry Kauri Park, Paihia, Auckland, Rotorua, Huka Falls, Lake Taupo, Mount Ruapehu... Show all","€1,135",Northern Choice,https://www.contiki.com/eu/en/destinations/new-zealand/tours/northern-choice-auckland-to-wellington-summer-3517
242,1,"Visiting Wellington, Mount Ruapehu, Huka Falls, Rotorua, Auckland, Parry Kauri Park, Paihia, Auckland","€1,118",Northern Choice,https://www.contiki.com/eu/en/destinations/new-zealand/tours/northern-choice-wellington-to-auckland-winter-3518
243,2,"Visiting New York City, Boston, Quebec City, Montreal, Rockport, Toronto, Niagara Falls, Toronto, Cleveland, Chicago","€2,325",North by North East,https://www.contiki.com/eu/en/destinations/usa-canada/tours/north-by-north-east-start-new-york-city-until-sept2020-20
244,2,"Visiting New York City, Boston, Quebec City, Montreal, Rockport, Toronto, Niagara Falls, Toronto, Vancouver, Whistler, Kamloops... Show all","€4,065",Grand Canadian,https://www.contiki.com/eu/en/destinations/usa-canada/tours/grand-canadian-until-sept2020-260
245,1,"Visiting Cairns, Great Barrier Reef, Cairns",€600,Dive to Adventure,https://www.contiki.com/eu/en/destinations/australia/tours/dive-to-adventure-51
246,7,"Visiting England, France, Spain, Italy, Greece, Monaco, The Vatican","€3,394",London to Athens,https://www.contiki.com/eu/en/destinations/europe/tours/london-to-athens-plus-mykonos-santorini-island-escape8-days-3476
247,7,"Visiting England, France, Spain, Italy, Greece, Monaco, The Vatican","€3,772",London to Athens,https://www.contiki.com/eu/en/destinations/europe/tours/london-to-athens-plus-mykonos-santorini-island-escape10-days-3186
248,1,"Visiting Lima, Puerto Maldonado, Jungle Lodge, Cusco, Sacred Valley, Aguas Calientes, Cusco","€1,582",Peruvian Highlights,https://www.contiki.com/eu/en/destinations/latin-america/tours/peruvian-highlights-2736
249,1,"Visiting Christchurch, Lake Tekapo, Lake Ohau, Lake Tekapo, Lake Ohau, Arrowtown, Te Anau, Milford Sound, Queenstown, Wanaka... Show all","€2,147",The Big Tiki,https://www.contiki.com/eu/en/destinations/new-zealand/tours/the-big-tiki-christchurch-to-auckland-summer-3664
250,1,"Visiting Nairobi, Masai Mara, Lake Elementaita, Amboseli, Nairobi","€1,494",Kenyan Highlights,https://www.contiki.com/eu/en/destinations/africa-the-middle-east/tours/kenyan-highlights-3816
251,2,"Visiting Nairobi, Masai Mara, Lake Elementaita, Amboseli, Arusha, Tarangire, Serengeti, Ngorogoro Crater, Arusha","€3,343",East Africa Safari,https://www.contiki.com/eu/en/destinations/africa-the-middle-east/tours/east-africa-safari-3815
252,8,"Visiting England, Netherlands, Germany, Austria, Italy, Switzerland, France, Belgium","€1,077",European Horizon,https://www.contiki.com/eu/en/destinations/europe/tours/european-horizon-118
253,1,Visiting Hopfgarten,€493,Austria Ski Only,https://www.contiki.com/eu/en/destinations/europe/tours/austria-ski-only-meet-us-there1-week-168
254,2,"Visiting London, Hopfgarten, London",€510,Austria Ski Plus,https://www.contiki.com/eu/en/destinations/europe/tours/austria-ski-plus-coach-from-london1-week-235
255,2,"Visiting La Paz, Sucre, Potosi, Uyuni, Salar de Uyuni, Uyuni, Avaroa National Reserve, San Pedro de Atacama... Show all","€2,529",Bella Bolivia,https://www.contiki.com/eu/en/destinations/latin-america/tours/bella-bolivia-3678
256,1,"Visiting Quito, Los Rios, Minga Lodge, Los Rios, Banos, Guayaquil, Santa Cruz Island, Isabela Island, Santa Cruz Island... Show all","€3,439",Ecuador & Galapagos Island Hopper,https://www.contiki.com/eu/en/destinations/latin-america/tours/ecuador-and-galapagos-island-hopper-with-me-to-we-until-jan2021-3577
257,1,"Visiting Quito, Los Rios, Minga Lodge, Los Rios, Banos, Guayaquil","€1,379",The Lava Line,https://www.contiki.com/eu/en/destinations/latin-america/tours/the-lava-line-with-me-to-we-until-jan2021-3576
258,1,"Visiting Entebbe Int'l Airport, Bwindi Impenetrable Forest Reserve, Lake Mburo, Entebbe Int'l Airport","€2,375",Gorilla Trek,https://www.contiki.com/eu/en/destinations/africa-the-middle-east/tours/gorilla-trek-3835
259,1,"Visiting Osaka, Kyoto, Hiroshima, Tokyo, Hakone, Tokyo","€2,444",Japan Winter Wonder,https://www.contiki.com/eu/en/destinations/asia/tours/japan-winter-wonder-3681
260,3,"Visiting Lima, Puerto Maldonado, Jungle Lodge, Cusco, Sacred Valley, Aguas Calientes, Cusco, Copacabana, La Paz, Sucre, Potosi... Show all","€4,545",Andean Crossing,https://www.contiki.com/eu/en/destinations/latin-america/tours/andean-crossing-until-feb2021-3672
261,3,"Visiting Cusco, Copacabana, La Paz, Sucre, Potosi, Uyuni, Salar de Uyuni, Uyuni, Avaroa National Reserve, San Pedro de Atacama... Show all","€2,909",Bolivian Magic,https://www.contiki.com/eu/en/destinations/latin-america/tours/bolivian-magic-until-feb2021-3673
262,2,"Visiting London, Edinburgh, Gretna Green, London",€589,Hogmanay New Year,https://www.contiki.com/eu/en/destinations/europe/tours/hogmanay-283
263,1,Visiting Los Angeles,"€1,045",LA Explorer,https://www.contiki.com/eu/en/destinations/usa-canada/tours/la-explorer4-nights-299
264,1,Visiting Los Angeles,€529,LA Explorer,https://www.contiki.com/eu/en/destinations/usa-canada/tours/la-explorer2-nights-232
265,1,Visiting Edinburgh,€525,Hogmanay New Year,https://www.contiki.com/eu/en/destinations/europe/tours/hogmanay-edinburgh-1072
266,1,Visiting Hopfgarten,€710,Austria Ski Only,https://www.contiki.com/eu/en/destinations/europe/tours/austria-ski-only-meet-us-there2-weeks-169
267,2,"Visiting London, Hopfgarten, London",€727,Austria Ski Plus,https://www.contiki.com/eu/en/destinations/europe/tours/austria-ski-plus-coach-from-london2-weeks-236
268,2,"Visiting London, Dover, Munich, Dover, Munich, London","€1,059",Oktoberfest - 6 Days Hotel,https://www.contiki.com/eu/en/destinations/europe/tours/oktoberfest6-days-hotel-319
269,1,Visiting Orlando,€419,Orlando Explorer,https://www.contiki.com/eu/en/destinations/usa-canada/tours/orlando-explorer2-nights-3804
270,1,Visiting Orlando,€605,Orlando Explorer,https://www.contiki.com/eu/en/destinations/usa-canada/tours/orlando-explorer4-nights-3805
271,1,Visiting London,€529,London for New Year,https://www.contiki.com/eu/en/destinations/europe/tours/london-for-new-year-3827
272,1,Visiting Berlin,€459,Berlin for New Year,https://www.contiki.com/eu/en/destinations/europe/tours/berlin-for-new-year-3828
273,1,Visiting London,€509,London Explorer 4 Day,https://www.contiki.com/eu/en/destinations/europe/tours/london-explorer-4-day-3973
274,2,"Visiting London, Dover, Calais, Paris, Dover, Calais, Paris, Calais, Dover, London",€585,Paris for New Year,https://www.contiki.com/eu/en/destinations/europe/tours/paris-for-new-year-246
275,4,"Visiting England, Netherlands, France, Belgium",€460,Amsterdam For Christmas,https://www.contiki.com/eu/en/destinations/europe/tours/amsterdam-for-christmas-301
276,3,"Visiting Cusco, Sacred Valley, Aguas Calientes, Cusco, Puerto Maldonado, Jungle Lodge, Puerto Maldonado, Lima, Buenos Aires... Show all","€3,609",The Explorer,https://www.contiki.com/eu/en/destinations/latin-america/tours/the-explorer-until-feb2021-3870
277,4,"Visiting England, Netherlands, France, Belgium",€584,Amsterdam For New Year,https://www.contiki.com/eu/en/destinations/europe/tours/amsterdam-for-new-year-245
278,1,Visiting Cape Town,€159,Cape Town Explorer,https://www.contiki.com/eu/en/destinations/africa-the-middle-east/tours/cape-town-explorer-3911
279,1,Visiting London,€259,London Explorer 3 Day,https://www.contiki.com/eu/en/destinations/europe/tours/london-explorer3-day-3972
280,1,Visiting New York City,€580,New York Explorer,https://www.contiki.com/eu/en/destinations/usa-canada/tours/new-york-explorer3-days-3898
281,2,"Visiting London, Edinburgh, Gretna Green, London",€715,Hogmanay New Year,https://www.contiki.com/eu/en/destinations/europe/tours/hogmanay-new-year5-day-start-london-1142
282,1,Visiting Edinburgh,€645,Hogmanay New Year,https://www.contiki.com/eu/en/destinations/europe/tours/hogmanay-new-year5-day-start-edinburgh-1152
283,1,Visiting Sydney,€926,Sydney New Year,https://www.contiki.com/eu/en/destinations/australia/tours/sydney-new-year-72
284,1,Visiting New York City,€970,New York Explorer,https://www.contiki.com/eu/en/destinations/usa-canada/tours/new-york-explorer5-days-3899
285,1,Visiting Honolulu,€395,Waikiki Explorer,https://www.contiki.com/eu/en/destinations/usa-canada/tours/waikiki-explorer2-nights-14
286,1,Visiting Honolulu,€685,Waikiki Explorer,https://www.contiki.com/eu/en/destinations/usa-canada/tours/waikiki-explorer4-nights-15
287,1,Visiting New York City,"€1,029",New York New Year,https://www.contiki.com/eu/en/destinations/usa-canada/tours/new-york-new-year-19
