,days,price,title,url
0,9,799 €,Sicilia: dall'Etna alle spiagge di Siracusa,https://www.weroad.it/viaggi/tour-sicilia-etna-siracusa
1,5,449 €,Toscana Express: le colline del Chianti,https://www.weroad.it/viaggi/viaggio-toscana-tour-5-giorni
2,4,299 €,Liguria Express: i colori delle Cinque Terre,https://www.weroad.it/viaggi/viaggio-cinque-terre-tour-5-giorni
3,8,879 €,Zante 360°,https://www.weroad.it/viaggi/viaggio-zante-tour-8-giorni
4,10,1.459 €,Islanda 360°,https://www.weroad.it/viaggi/islanda-a-360-gradi
5,9,899 €,Puglia 360°: Ostuni e le perle del Salento,https://www.weroad.it/viaggi/viaggio-puglia-tour-9-giorni
6,8,799 €,Andalusia 360°,https://www.weroad.it/viaggi/tour-di-8-giorni-in-andalusia
7,8,499 €,Villa 360°: Chianti Edition,https://www.weroad.it/viaggi/casa-360-chianti
8,8,709 €,Corfù 360°,https://www.weroad.it/viaggi/corfu-360
9,8,909 €,Isole Eolie: trekking e beach life,https://www.weroad.it/viaggi/viaggio-eolie-tour-8-giorni
10,9,949 €,Portogallo: Lisbona & Algarve,https://www.weroad.it/viaggi/viaggio-portogallo-tour-9-giorni
11,8,959 €,Pontine Sail Adventure,https://www.weroad.it/viaggi/vacanze-barca-a-vela-pontine-tour-8-giorni
12,8,1.009 €,Sardegna Sail Adventure,https://www.weroad.it/viaggi/vacanze-barca-a-vela-sardegna-tour-8-giorni
13,8,959 €,Sardegna: beach life nella Costa Sud,https://www.weroad.it/viaggi/viaggio-sardegna-tour-8-giorni
14,8,859 €,Campania: dal Vesuvio alle isole di Capri e Ischia,https://www.weroad.it/viaggi/viaggio-campania-tour-8-giorni
15,5,449 €,Sicilia Express: dai crateri dell’Etna alle vie di Ortigia,https://www.weroad.it/viaggi/viaggio-sicilia-tour-5-giorni
16,5,399 €,Sardegna Express: beach life in Costa Smeralda,https://www.weroad.it/viaggi/viaggio-sardegna-tour-5-giorni
17,7,799 €,Passaggio a nord-est: in moto sulle Alpi dalla Lombardia al Veneto,https://www.weroad.it/viaggi/tour-moto-alpi-dolomiti-7-giorni
18,10,1.099 €,Croazia: i paesaggi di Dubrovnik e il mare di Hvar,https://www.weroad.it/viaggi/viaggio-croazia-tour-10-giorni
19,8,799 €,Villa 360°: Cefalù Edition,https://www.weroad.it/viaggi/casa-360-cefalu
20,8,859 €,"Isola del Giglio, Argentario e le meraviglie dell'entroterra",https://www.weroad.it/viaggi/viaggio-toscana-tour-8-giorni
21,10,1.009 €,Islanda Adventure in tenda,https://www.weroad.it/viaggi/viaggio-islanda-tour-10-giorni
22,8,899 €,Istanbul & Cappadocia,https://www.weroad.it/viaggi/viaggio-turchia-istanbul-cappadocia-tour-8-giorni
23,5,359 €,Campania Express: Napoli e le rovine di Pompei,https://www.weroad.it/viaggi/viaggio-costiera-amalfitana-tour-5-giorni
24,8,1.099 €,Croazia Sail Adventure,https://www.weroad.it/viaggi/vacanze-barca-a-vela-croazia-tour-8-giorni
25,9,799 €,Grecia: Kos & le isole inesplorate,https://www.weroad.it/viaggi/viaggio-grecia-tour-9-giorni
26,8,609 €,Albania: Tirana e le spiagge del Sud,https://www.weroad.it/viaggi/viaggio-albania-tour-8-giorni
27,4,499 €,Trentino Active: Rafting in Val di Sole,https://www.weroad.it/viaggi/trentino-active-rafting-in-val-di-sole
28,4,549 €,Piemonte: in Vespa nelle Langhe,https://www.weroad.it/viaggi/tour-vespa-piemonte-4-giorni
29,4,699 €,Veneto Active: Parapendio in Valbelluna,https://www.weroad.it/viaggi/veneto-active-parapendio
30,8,799 €,Basilicata 360°: i sassi di Matera e le spiagge dello Ionio,https://www.weroad.it/viaggi/viaggio-basilicata-tour-8-giorni
31,9,799 €,Cicladi 360°,https://www.weroad.it/viaggi/cicladi
32,9,899 €,Canarie: Lanzarote e Fuerteventura,https://www.weroad.it/viaggi/viaggio-canarie-tour-9-giorni
33,8,859 €,Cipro 360°,https://www.weroad.it/viaggi/viaggio-cipro-tour-8-giorni
34,9,979 €,Corsica 360°,https://www.weroad.it/viaggi/viaggio-corsica-tour-9-giorni
35,12,1.349 €,Far West 360°,https://www.weroad.it/viaggi/short-west-coast
36,8,899 €,Lago di Garda: dalle Dolomiti di Brenta a Salò,https://www.weroad.it/viaggi/viaggio-lago-di-garda-tour-8-giorni
37,11,1.759 €,Giappone: il nord inesplorato,https://www.weroad.it/viaggi/viaggio-giappone-tokyo-sapporo-tour-11-giorni
38,8,799 €,Giordania 360°,https://www.weroad.it/viaggi/giordania
39,7,899 €,Israele 360°,https://www.weroad.it/viaggi/viaggio-di-gruppo-in-israele-7-giorni
40,9,859 €,Liguria 360°: coast to coast,https://www.weroad.it/viaggi/viaggio-liguria-tour-9-giorni
41,8,499 €,Villa 360°: Liguria Edition,https://www.weroad.it/viaggi/casa-360-liguria
42,13,1.599 €,Madagascar 360°,https://www.weroad.it/viaggi/viaggio-madagascar-tour-13-giorni
43,9,1.649 €,Maldive 360°,https://www.weroad.it/viaggi/viaggio-maldive-tour-9-giorni
44,8,499 €,Villa 360°: Marche Edition,https://www.weroad.it/viaggi/casa-360-marche
45,8,869 €,Villa 360°: Puglia Glam Edition,https://www.weroad.it/viaggi/casa-360-puglia
46,8,599 €,Polonia: tra Varsavia e Cracovia,https://www.weroad.it/viaggi/viaggio-polonia-tour-8-giorni
47,8,649 €,Portogallo: da Lisbona a Porto,https://www.weroad.it/viaggi/pillole-di-portogallo
48,9,899 €,Russia: da Mosca a San Pietroburgo,https://www.weroad.it/viaggi/viaggio-russia-tour-9-giorni
49,8,699 €,Villa 360°: San Vito lo Capo Edition,https://www.weroad.it/viaggi/casa-360-san-vito-lo-capo
50,8,899 €,Transilvania 360°,https://www.weroad.it/viaggi/transilvania-tour-8-giorni
51,8,499 €,Villa 360°: Umbria Edition,https://www.weroad.it/viaggi/casa-360-umbria
52,8,909 €,Dolomiti e Lago di Braies: un viaggio tra Veneto e Trentino,https://www.weroad.it/viaggi/viaggio-veneto-dolomiti-tour-8-giorni
53,12,1.859 €,Alaska: Anchorage ed i parchi nazionali,https://www.weroad.it/viaggi/viaggio-di-gruppo-in-alaska
54,12,859 €,Cuba 360°,https://www.weroad.it/viaggi/cuba-360-12-giorni
55,13,1.399 €,Costa Rica 360°,https://www.weroad.it/viaggi/costa-rica-360
56,11,1.299 €,Giappone 360°,https://www.weroad.it/viaggi/giappone
57,11,1.849 €,Hawaii 360°,https://www.weroad.it/viaggi/viaggio-hawaii-tour-11-giorni
58,8,959 €,Isole Baleari: beach life and island discovery,https://www.weroad.it/viaggi/viaggio-baleari-tour-8-giorni
59,14,1.299 €,Marocco 360°,https://www.weroad.it/viaggi/viaggio-marocco-tour-14-giorni
60,11,1.149 €,Birmania 360°,https://www.weroad.it/viaggi/viaggio-di-gruppo-in-birmania
61,11,1.199 €,Indonesia: da Bali a Komodo,https://www.weroad.it/viaggi/viaggio-in-indonesia-da-bali-a-komodo
62,13,1.199 €,India: dal Rajasthan al Taj Mahal,https://www.weroad.it/viaggi/viaggio-india-tour-13-giorni
63,12,999 €,Sri Lanka 360°,https://www.weroad.it/viaggi/viaggio-di-gruppo-in-sri-lanka
64,11,799 €,Thailandia beach life and summer island discovery,https://www.weroad.it/viaggi/viaggio-thailandia-estate-tour-11-giorni
65,13,999 €,Thailandia 360°,https://www.weroad.it/viaggi/thailandia-a-360-gradi
66,14,2.799 €,Tanzania: dalla savana a Zanzibar,https://www.weroad.it/viaggi/tour-africa-tanzania-zanzibar
67,8,1.059 €,Turchia: beach life,https://www.weroad.it/viaggi/viaggio-turchia-tour-8-giorni
68,13,1.099 €,Vietnam: viaggio tra tradizione e modernità,https://www.weroad.it/viaggi/vietnam-360
69,8,899 €,Bali Lombok: Yoga e Meditazione,https://www.weroad.it/viaggi/viaggio-bali-yoga-tour-8-giorni
70,10,1.009 €,Cambogia: Angkor Wat e le bellezze dell'entroterra,https://www.weroad.it/viaggi/viaggio-cambogia-estate-tour-10-giorni
71,8,799 €,Cuba: beach life,https://www.weroad.it/viaggi/viaggio-cuba-tour-8-giorni
72,14,1.759 €,Mongolia: da Ulan Bator al deserto del Gobi,https://www.weroad.it/viaggi/viaggio-mongolia-tour-14-giorni
73,13,1.099 €,Messico: lo Yucatan dei Maya,https://www.weroad.it/viaggi/il-messico-dei-maya
74,11,999 €,Vietnam: il delta del Mekong e la costa inesplorata,https://www.weroad.it/viaggi/viaggio-vietnam-tour-11-giorni
75,10,899 €,Indonesia: beach life e island discovery,https://www.weroad.it/viaggi/viaggi-di-gruppo-in-indonesia-bali-e-le-isole
76,12,1.199 €,Brasile: Jericoacoara & il Maranhão,https://www.weroad.it/viaggi/viaggio-in-brasile-tour-12-giorni
77,8,649 €,Bali 360°,https://www.weroad.it/viaggi/viaggio-bali-tour-8-giorni
78,12,1.399 €,California 360°,https://www.weroad.it/viaggi/california-360
79,12,1.109 €,Egitto: dalle piramidi alla Valle dei Re,https://www.weroad.it/viaggi/viaggio-egitto-tour-12-giorni
80,8,799 €,Marocco: dal deserto alle città da mille e una notte,https://www.weroad.it/viaggi/marocco-dal-deserto-alle-citta-da-mille-e-una-notte
81,8,799 €,Marocco: Chefchaouen e le medine del nord,https://www.weroad.it/viaggi/viaggio-marocco-tour-8-giorni
82,8,799 €,Scozia 360°,https://www.weroad.it/viaggi/scozia360
83,11,1.599 €,Sudafrica: da Cape Town a Port Elizabeth,https://www.weroad.it/viaggi/tour-in-sudafrica-11-giorni
84,12,1.149 €,Turchia 360°,https://www.weroad.it/viaggi/viaggio-turchia-tour-11-giorni
85,11,999 €,Brasile: Rio de Janeiro e la natura del sud,https://www.weroad.it/viaggi/brasile-rio-de-janeiro-e-la-natura-del-sud
86,10,1.099 €,Florida 360°,https://www.weroad.it/viaggi/viaggio-florida-tour-10-giorni
87,10,1.099 €,Iran 360°,https://www.weroad.it/viaggi/iran
88,12,1.349 €,Perù 360°,https://www.weroad.it/viaggi/peru-360
89,4,349 €,San Pietroburgo Express,https://www.weroad.it/viaggi/viaggio-russia-tour-4-giorni
90,11,1.349 €,Russia 360°,https://www.weroad.it/viaggi/viaggio-russia-tour-11-giorni
91,10,1.099 €,Georgia 360°,https://www.weroad.it/viaggi/viaggio-georgia-tour-10-giorni
92,8,899 €,Marche 360°: le grotte di Frasassi e le spiagge del Conero,https://www.weroad.it/viaggi/viaggio-marche-tour-8-giorni
93,5,369 €,Orvieto e Civita di Bagnoregio: un express tra Umbria e Lazio,https://www.weroad.it/viaggi/viaggio-orvieto-tour-5-giorni
94,8,839 €,Rodi 360°,https://www.weroad.it/viaggi/viaggio-grecia-tour-8-giorni
95,10,1.799 €,Sudafrica: Kruger National Park e la Panorama Route,https://www.weroad.it/viaggi/viaggio-sudafrica-tour-10-giorni
96,10,1.549 €,Seychelles: beach life and island discovery,https://www.weroad.it/viaggi/viaggio-seychelles-tour-10-giorni
97,4,439 €,Puglia Express: Taranto e i trulli di Alberobello,https://www.weroad.it/viaggi/viaggio-alberobello-tour-4-giorni
98,4,449 €,Umbria: in moto dagli Appennini alla Via Flaminia,https://www.weroad.it/viaggi/tour-moto-umbria-4-giorni
99,10,1.009 €,Uzbekistan 360°,https://www.weroad.it/viaggi/uzbekistan-tour-samarcanda-via-della-seta
